__v,_id,audio_description,created_at,duration,end_time,file_mime_type,file_name,file_path,file_size_bytes,label,playback_type,start_time,transcript,user,video
0,591bd79bb36afc5114fc4d39,591bd79bb36afc5114fc4d3a,20170517045451,7.523265306122449,7.523265306122449,audio/wav,Fzn_AKN67oI_591bd79bb36afc5114fc4d39.wav,/current/Fzn_AKN67oI,1327148,,inline,0,[],591bd75eb36afc5114fc4d38,58e7cf2a46e13dfd851a2049
0,591bd827a5918e7705468560,591bd827a5918e7705468561,20170517045711,5.758548752834467,5.758548752834467,audio/wav,B8BD9txkGL4_591bd827a5918e7705468560.wav,/current/B8BD9txkGL4,1015852,,inline,0,[],591bd75eb36afc5114fc4d38,58e7cf2a46e13dfd851a202e
0,591db3ca2805421bd3af5935,591db3ca2805421bd3af5936,20170518144634,13.746213151927437,0.763793036239624,audio/wav,o2VFgHGKzx4_591db3ca2805421bd3af5935.wav,/current/o2VFgHGKzx4,2424876,Bert in the tub,extended,0.763793036239624,[],591db3372805421bd3af5934,591da9de2805421bd3af5923
0,5928e0ff2805421bd3af59e1,5928e0ff2805421bd3af59e2,20170527021423,6.03718820861678,19.80390819335799,audio/wav,Fzn_AKN67oI_5928e0ff2805421bd3af59e1.wav,/current/Fzn_AKN67oI,1065004,,inline,13.766719984741211,[],58f057461852e91196a74c73,58e7cf2a46e13dfd851a2049
0,5938981753f02d7a0fdd3a55,5938981753f02d7a0fdd3a56,20170608001935,3.1579138321995464,13.036085837921593,audio/wav,Ezg4sr67OGA_5938981753f02d7a0fdd3a55.wav,/current/Ezg4sr67OGA,557100,,inline,9.878172005722046,[],5938978953f02d7a0fdd3a54,591db72d2805421bd3af593b
0,593dedd65de2104355026c63,593dedd65de2104355026c64,20170612012646,13.738666666666667,2.2880208531341553,audio/wav,vVdW9CGI3Nc_593dedd65de2104355026c63.wav,/current/vVdW9CGI3Nc,2637868,,extended,2.2880208531341553,[],593de2eb5de2104355026c62,591f15022805421bd3af5980
0,594095a9a01de163a4ae0062,594095a9a01de163a4ae0063,20170614014721,13.188934240362812,0,audio/wav,ihCciBFdbkw_594095a9a01de163a4ae0062.wav,/current/ihCciBFdbkw,2326572,,extended,0,[],593f44155de2104355026c72,5938983d53f02d7a0fdd3a59
0,59409b8ca01de163a4ae0068,59409b8ca01de163a4ae0069,20170614021228,6.130068027210885,6.130068027210885,audio/wav,wvumRVaWKsI_59409b8ca01de163a4ae0068.wav,/current/wvumRVaWKsI,1081388,,inline,0,[],593f44155de2104355026c72,59306c5f8e00470a74334b39
0,59413cc6a01de163a4ae0082,59413cc6a01de163a4ae0083,20170614134022,15.957333333333333,15.957333333333333,audio/wav,DFF7hFBrk_4_59413cc6a01de163a4ae0082.wav,/current/DFF7hFBrk_4,6127660,,inline,0,[],593f44155de2104355026c72,59405c835de2104355026cae
0,5950554d1a4be609b2028c80,5950554d1a4be609b2028c81,20170626002901,16.904126984126986,16.904126984126986,audio/wav,Vmb1tqYqyII_5950554d1a4be609b2028c80.wav,/current/Vmb1tqYqyII,2981932,,inline,0,[],59163f28b36afc5114fc4d34,594c79eb52bb3b5bc99b1f30
0,595b26dfcad8aa46ed7da876,595b26dfcad8aa46ed7da877,20170704052551,4.266666666666667,15.048117133514403,audio/wav,hseWMRV3lA8_595b26dfcad8aa46ed7da876.wav,/current/hseWMRV3lA8,819244,,extended,15.048117133514403,[],595b26adcad8aa46ed7da875,5949e0c27e95f25766d1cf65
0,598db2bbaacee334625b5783,598db2bbaacee334625b5784,20170811133555,7.337505668934241,7.337505668934241,audio/wav,mxIZuPB9U4g_598db2bbaacee334625b5783.wav,/current/mxIZuPB9U4g,1294380,,inline,0,[],598d8ac5aacee334625b576a,598db2b6aacee334625b5782
0,59dd064d0dd8756803dbb016,59dd064d0dd8756803dbb017,20171010174133,18.575963718820862,23.49427471882086,audio/wav,5Ovh9KJ25ow_59dd064d0dd8756803dbb016.wav,/current/5Ovh9KJ25ow,3276844,,inline,4.918311,[],59dd05c40dd8756803dbb015,59dd04bd0dd8756803dbb013
0,59f9936108f3084d7d2a6499,59f9936108f3084d7d2a649a,20171101092657,6.222947845804988,6.829518652804988,audio/wav,Sxc1Vz0xlGo_59f9936108f3084d7d2a6499.wav,/current/Sxc1Vz0xlGo,1097772,,inline,0.606570807,[],59f98fac2a385d33db80b996,597283418451264bf2ab93c8
0,5a67871780ccc458a1b40fb4,5a67871780ccc458a1b40fb5,20180123190351,4.829750566893424,14.041800660353509,audio/wav,w6eYoRIUVKg_5a67871780ccc458a1b40fb4.wav,/current/w6eYoRIUVKg,852012,,inline,9.212050093460084,[],5a671192a626df5493857520,5a670a43a626df549385751d
0,5a95b2826227ba194f28f79f,5a95b2826227ba194f28f7a0,20180227193322,3.0650340136054424,7.975560013605442,audio/wav,YC-MR84S1H8_5a95b2826227ba194f28f79f.wav,/current/YC-MR84S1H8,540716,Sheep are looking out of the side of the lorry,inline,4.910526,[],5a95b07d6227ba194f28f79e,5a9576706227ba194f28f795
0,5a95b5d76227ba194f28f7ad,5a95b5d76227ba194f28f7ae,20180227194735,17.554285714285715,19.63166578104292,audio/wav,YC-MR84S1H8_5a95b5d76227ba194f28f7ad.wav,/current/YC-MR84S1H8,3096620,,inline,2.077380066757202,[],5a95b2c36227ba194f28f7a1,5a9576706227ba194f28f795
0,5a9c72c1d50e4355f9884974,5a9c72c1d50e4355f9884975,20180304222713,26.377868480725624,26.377868480725624,audio/wav,2J5GzHoKl1Q_5a9c72c1d50e4355f9884974.wav,/current/2J5GzHoKl1Q,4653100,,inline,0,[],5a9c715ed50e4355f988496e,595058d41a4be609b2028c89
0,5a9c7327d50e4355f9884978,5a9c7327d50e4355f9884979,20180304222855,7.244625850340136,7.244625850340136,audio/wav,0yOA1WnlpWY_5a9c7327d50e4355f9884978.wav,/current/0yOA1WnlpWY,1277996,,inline,0,[],5a9c71d0d50e4355f988496f,5a9c7327d50e4355f9884977
0,5aa2ffc1806e21059a0210d8,5aa2ffc1806e21059a0210d9,20180309214225,16.512,0.9165409313354492,audio/wav,_X_AfRk9F9w_5aa2ffc1806e21059a0210d8.wav,/current/_X_AfRk9F9w,6340652,undefined,extended,0.9165409313354492,[],5aa2ff72806e21059a0210d7,5a9b0578d50e4355f98848cc
0,5a69a54c035b2a59585fc4e4,5a69a54c035b2a59585fc4e5,20180125093716,28.514104308390024,28.514104308390024,audio/wav,1AkqmmIGaho_5a69a54c035b2a59585fc4e4.wav,/current/1AkqmmIGaho,5029932,,inline,0,[],5a69a495035b2a59585fc4df,5a69a52d035b2a59585fc4e1
0,5a70899285051907f83e46ab,5a70899285051907f83e46ac,20180130150450,2.507755102040816,8.422302970040816,audio/wav,kD0-wBO6dfk_5a70899285051907f83e46ab.wav,/current/kD0-wBO6dfk,442412,,inline,5.914547868,[],5a70872c035b2a59585fc503,5a70888a035b2a59585fc509
0,5a85b6213c55fb6e05de89f3,5a85b6213c55fb6e05de89f4,20180215163233,19.797333333333334,2.977214,audio/wav,ihCciBFdbkw_5a85b6213c55fb6e05de89f3.wav,/current/ihCciBFdbkw,3801132,,extended,2.977214,[],5a85b50d5005c16325ca8ac2,5938983d53f02d7a0fdd3a59
0,59818359f39ffb0ca2db55c9,59818359f39ffb0ca2db55ca,20170802074633,4.010666666666666,1.091594,audio/wav,BwHw4pDcGns_59818359f39ffb0ca2db55c9.wav,/current/BwHw4pDcGns,770092,d,extended,1.091594,[],59818126530a357fcbd30cca,59818211530a357fcbd30ccd
0,5ab02037bf2b7e665fdf0b41,5ab02038bf2b7e665fdf0b42,20180319204023,1.9504761904761905,12.719860144699823,audio/wav,qzvK1lJwVUM_5ab02037bf2b7e665fdf0b41.wav,/current/qzvK1lJwVUM,344108,agagag,inline,10.769383954223633,[],5ab0201cbf2b7e665fdf0b40,5aa5652176ea222478a810e2
0,5ac324bbb9b1ed1a198fc10a,5ac324bbb9b1ed1a198fc10b,20180403065243,3.1579138321995464,3.5849938321995465,audio/wav,ihCciBFdbkw_5ac324bbb9b1ed1a198fc10a.wav,/current/ihCciBFdbkw,557100,,inline,0.42708,[],5a9af29dd50e4355f98848c2,5938983d53f02d7a0fdd3a59
0,5a174673f345660a4f7f57de,5a174673f345660a4f7f57df,20171123220643,8.916462585034013,65.68830545533432,audio/wav,uHCEos5fFdQ_5a174673f345660a4f7f57de.wav,/current/uHCEos5fFdQ,1572908,1,inline,56.7718428703003,[],5a161bb5f345660a4f7f57dc,5a08f464d675d917e6614d44
0,5ad9aed6ba6ad77b6b7b002d,5ad9aed6ba6ad77b6b7b002e,20180420091150,0,7.960265104904175,audio/wav,Ks7AwV_uxO0_5ad9aed6ba6ad77b6b7b002d.wav,/current/Ks7AwV_uxO0,44,test,inline,7.960265104904175,[],5acc8e42b9b1ed1a198fc179,5acc9676b9b1ed1a198fc17b
0,5b54a973175ff377eb7c9087,5b54a973175ff377eb7c9088,20180722155739,5.851428571428571,18.820660571428572,audio/wav,RFUE09SRO8w_5b54a973175ff377eb7c9087.wav,/current/RFUE09SRO8w,1032236,,inline,12.969232,[],5b53e84bb4e1e66fc7a94f3c,5b54a3088c67206f7cd18553
0,5afbbce05eb2f317e6b8e251,5afbbce05eb2f317e6b8e252,20180516050848,8.544943310657596,4.294760999999999,audio/wav,ibMEFYNghgY_5afbbce05eb2f317e6b8e251.wav,/current/ibMEFYNghgY,1507372,,extended,4.294760999999999,[],5afbbc945eb2f317e6b8e250,5af9d6185eb2f317e6b8e215
0,5bc6f72ea66f5a4b1625cdd7,5bc6f72ea66f5a4b1625cdd8,20181017084742,5.38702947845805,0,audio/wav,gLax3zOBN40_5bc6f72ea66f5a4b1625cdd7.wav,/current/gLax3zOBN40,950316,introduction,extended,0,[],5bc6f4188b6b161563b70f4e,5bc6f427a66f5a4b1625cdd0
0,5bd1137d1d5e5c4317a4ebe0,5bd1137d1d5e5c4317a4ebe1,20181025005109,3.7151927437641725,1.1753841220703125,audio/wav,T_FdjXqSZlc_5bd1137d1d5e5c4317a4ebe0.wav,/current/T_FdjXqSZlc,655404,,extended,1.1753841220703125,[],5bd0f53e4c62b13d0adab755,5bce5f98e16e6108007b1507
0,5bd3253df5f7735b4e876e11,5bd3253df5f7735b4e876e12,20181026143125,20.897959183673468,20.897959183673468,audio/wav,HTj2n52jz94_5bd3253df5f7735b4e876e11.wav,/current/HTj2n52jz94,3686444,,inline,0,[],5bd1e60d9fd7274e38d25b9f,5bd14ea51d5e5c4317a4ec24
0,5bd37a2661758761133cef44,5bd37a2661758761133cef45,20181026203342,4.08671201814059,4.08671201814059,audio/wav,u6euUDxXlAM_5bd37a2661758761133cef44.wav,/current/u6euUDxXlAM,720940,title,inline,0,[],5bd36a0261758761133cef17,5bd3737d61758761133cef2a
0,5bdfe9e544b0f3748fe83219,5bdfe9e544b0f3748fe8321a,20181105065741,3.3436734693877552,29.920814,audio/wav,LvkC9T-y4wg_5bdfe9e544b0f3748fe83219.wav,/current/LvkC9T-y4wg,589868,,extended,29.920814,[],5a9af29dd50e4355f98848c2,5bcc3f28a66f5a4b1625cec4
0,5c37e30fe74835797434a06f,5c37e30fe74835797434a070,20190111002759,0,1.5,audio/wav,R0A94uhmGUI_5c37e30fe74835797434a06f.wav,/current/R0A94uhmGUI,44,,extended,1.5,[],5c368d1be74835797434a057,5c37e068e74835797434a06b
0,5c38d774183a4517acfbde0e,5c38d774183a4517acfbde0f,20190111175044,5.290666666666667,0.4104383116883117,audio/wav,iQVd0ZTtNDs_5c38d774183a4517acfbde0e.wav,/current/iQVd0ZTtNDs,1015852,,extended,0.4104383116883117,[],5c382f1a713f9d125494cbd9,5c382fd4713f9d125494cbdb
0,5c38e55685dde017d0c70b9d,5c38e55685dde017d0c70b9e,20190111184958,73.38666666666667,5.42055016784668,audio/wav,iQVd0ZTtNDs_5c38e55685dde017d0c70b9d.wav,/current/iQVd0ZTtNDs,14090284,Apply a thin coat,extended,5.42055016784668,[],5c382f1a713f9d125494cbd9,5c382fd4713f9d125494cbdb
0,5c3bc5bb8b6993268b5e3dec,5c3bc5bb8b6993268b5e3ded,20190113231155,0,1.997521,audio/wav,B8ISzf2pryI_5c3bc5bb8b6993268b5e3dec.wav,/current/B8ISzf2pryI,44,,extended,1.997521,[],58e7e4a8515cd458cef2e017,58e7cf2846e13dfd851a18f5
0,5c4f42bbf0d93b533389a181,5c4f42bbf0d93b533389a182,20190128175819,5.12,32.73173693133545,audio/wav,YbaTzT7PNTg_5c4f42bbf0d93b533389a181.wav,/current/YbaTzT7PNTg,983084,,inline,27.61173693133545,[],5c4f426c0071d10d8574953d,5c4ea4520071d10d85749539
0,5c6b3a8fa161690bf25e2ae7,5c6b3a8fa161690bf25e2ae8,20190218230655,38.91664399092971,39.66664399092971,audio/wav,97Cejesk1u0_5c6b3a8fa161690bf25e2ae7.wav,/current/97Cejesk1u0,6864940,,inline,0.75,[],5c54af3ef0d93b533389a254,5c6b386ea161690bf25e2ae0
0,5c6bece5cfe5b70c5f19dc96,5c6bece5cfe5b70c5f19dc97,20190219114749,20.138666666666666,0.2176022727272727,audio/wav,B-dn8jMxKeU_5c6bece5cfe5b70c5f19dc96.wav,/current/B-dn8jMxKeU,3866668,Astroholbrook Productions,extended,0.2176022727272727,[],5c6bdd00cfe5b70c5f19dc8e,5c6bec2acfe5b70c5f19dc95
0,5ca6b554e9b2de249a6f2581,5ca6b554e9b2de249a6f2582,20190405015428,1.6718367346938776,1.6718367346938776,audio/wav,S8hUzi6v43c_5ca6b554e9b2de249a6f2581.wav,/current/S8hUzi6v43c,294956,,inline,0,[],5c5c8b2e86f63e68d5a091b0,5ca426eeca59c91fd281692f
0,5ca7405cca59c91fd2816952,5ca7405cca59c91fd2816953,20190405114740,9.659501133786849,2.302873135421753,audio/wav,RxtzQg57O7w_5ca7405cca59c91fd2816952.wav,/current/RxtzQg57O7w,1703980,,extended,2.302873135421753,[],591d7cc42805421bd3af591a,58e7cf2946e13dfd851a1cd8
0,5c5ca78f0477e6699ad65e3c,5c5ca78f0477e6699ad65e3d,20190207214759,54.05605442176871,54.05605442176871,audio/wav,RZRkzg-WqXM_5c5ca78f0477e6699ad65e3c.wav,/current/RZRkzg-WqXM,9535532,,inline,0,[],5c5ca4f170fc1768737789ed,5c5c881d70fc1768737789d4
0,5ccb1ac58d8ab44a02f7bf6d,5ccb1ac58d8ab44a02f7bf6e,20190502162853,8.021333333333333,10.399226333333333,audio/wav,0rfYuVKSuVA_5ccb1ac58d8ab44a02f7bf6d.wav,/current/0rfYuVKSuVA,1540140,,inline,2.377893,[],5ccb0a0c8d8ab44a02f7bf6c,5ccaa71c8d8ab44a02f7bf52
0,5cd13ccd8d8ab44a02f7c04d,5cd13ccd8d8ab44a02f7c04e,20190507080741,15.872,0.6952170877380371,audio/wav,PWluwDvSGyw_5cd13ccd8d8ab44a02f7c04d.wav,/current/PWluwDvSGyw,3047468,,extended,0.6952170877380371,[],5cd0f94fb7921a4a2e2bc4fa,5cd13cb9b7921a4a2e2bc4fe
0,5cd13dcdb7921a4a2e2bc4ff,5cd13dcdb7921a4a2e2bc500,20190507081157,13.141333333333334,3.5908378531341554,audio/wav,i13EZ_ftUm0_5cd13dcdb7921a4a2e2bc4ff.wav,/current/i13EZ_ftUm0,2523180,stav test,extended,3.5908378531341554,[],5cd0f94fb7921a4a2e2bc4fa,5cd0aaa68d8ab44a02f7c040
0,5cfa8567a774ac520ff93f1d,5cfa8567a774ac520ff93f1e,20190607154023,9.752380952380953,0,audio/wav,0iYsBnj2BUk_5cfa8567a774ac520ff93f1d.wav,/current/0iYsBnj2BUk,1720364,,extended,0,[],5cf9b5cfa774ac520ff93f16,5cf9bc9ca774ac520ff93f19
0,5d3367949d41be1e9b2eb242,5d3367949d41be1e9b2eb243,20190720191220,11.178666666666667,6.485076,audio/wav,JGwWNGJdvx8_5d3367949d41be1e9b2eb242.wav,/current/JGwWNGJdvx8,2146348,,extended,6.485076,[],5d326d78e261b61e394e4420,5d2bdd406e1ff55b95381a77
0,5d7bf4d115c8ca3ccf56d6e9,5d7bf4d115c8ca3ccf56d6ea,20190913195809,27.136,27.136,audio/wav,UTTxroRR-G0_5d7bf4d115c8ca3ccf56d6e9.wav,/current/UTTxroRR-G0,5210156,Early Childhood Ed Description,inline,0,[],5d7bb7fc15c8ca3ccf56d6c3,5d7bf4cd15c8ca3ccf56d6e8
0,5db9fc892be5982fa847f93d,5db9fc892be5982fa847f93e,20191030211137,3.3436734693877552,3.3436734693877552,audio/wav,DXg70cl_MMs_5db9fc892be5982fa847f93d.wav,/current/DXg70cl_MMs,589868,1,inline,0,[],5db911baed93e405a6260f87,5db9fa2395bfcf300f1500a5
0,5dbb2c682ed0643772869af3,5dbb2c682ed0643772869af4,20191031184808,87.63733333333333,89.9026662455953,audio/wav,EnnZnxhDU-4_5dbb2c682ed0643772869af3.wav,/current/EnnZnxhDU-4,16826412,,inline,2.2653329122619628,[],5db93d4be4d103261e4e3316,5c40c8a7bea4b51e5c711040
0,5d93c3b97e4681160da2939b,5d93c3b97e4681160da2939c,20191001212305,38.17360544217687,41.39318053945165,audio/wav,6ri6gK4FcnE_5d93c3b97e4681160da2939b.wav,/current/6ri6gK4FcnE,6733868,,inline,3.21957509727478,[],5d93909f7e4681160da29376,5d93c393540fcd0839becc16
0,5d9f47a6aade1e6d7e25de60,5d9f47a6aade1e6d7e25de61,20191010150054,6.408707482993197,18.707976963512678,audio/wav,IOCXGOwzkRY_5d9f47a6aade1e6d7e25de60.wav,/current/IOCXGOwzkRY,1130540,mammoth,inline,12.299269480519483,[],5d9f3bd4b0f4f24c4bd6e275,5d9616ee540fcd0839becc43
0,5d9f48403342826dbbb6aacf,5d9f48403342826dbbb6aad0,20191010150328,5.758548752834467,40.390705655559685,audio/wav,IOCXGOwzkRY_5d9f48403342826dbbb6aacf.wav,/current/IOCXGOwzkRY,1015852,,inline,34.63215690272522,[],5d9f41b2b0f4f24c4bd6e276,5d9616ee540fcd0839becc43
0,5daff4e5816ebe3229a2ebbe,5daff4e5816ebe3229a2ebbf,20191023063621,20.48,20.48,audio/wav,2_A9TThqY-s_5daff4e5816ebe3229a2ebbe.wav,/current/2_A9TThqY-s,3932204,,inline,0,[],5dafd9d6816ebe3229a2eb6a,5dafee1de4e413322f0b586f
0,5db09a8264cbea25aceebf73,5db09a8264cbea25aceebf74,20191023182258,34.730666666666664,34.730666666666664,audio/wav,3vUtRRZG0xY_5db09a8264cbea25aceebf73.wav,/current/3vUtRRZG0xY,6668332,,inline,0,[],5dafc37065de651f6f3677b8,5c7c7ef7cfe5b70c5f19de8d
0,5d2cd357d62956084888a92a,5d2cd357d62956084888a92b,20190715192615,22.101333333333333,33.426862,audio/wav,Guv5XhFRqA4_5d2cd357d62956084888a92a.wav,/current/Guv5XhFRqA4,4243500,k,extended,33.426862,[],5d2bd7052b6b5c0326fbd6cc,5d2cd2a56e1ff55b95381a93
0,5d2ce86b340657085310ba9c,5d2ce86b340657085310ba9d,20190715205611,3.900952380952381,0,audio/wav,KY-4VyUY8hk_5d2ce86b340657085310ba9c.wav,/current/KY-4VyUY8hk,688172,,extended,0,[],5d2cd578340657085310ba88,5d2ce27a340657085310ba9b
0,5d41bf6489ac8343b4474bf2,5d41bf6489ac8343b4474bf3,20190731161844,85.16266666666667,85.65860962279764,audio/wav,hsUfo_jHQ60_5d41bf6489ac8343b4474bf2.wav,/current/hsUfo_jHQ60,16351276,,inline,0.49594295613098144,[],5d41a87e89ac8343b4474be7,5d41bf4b89ac8343b4474bf1
0,5d41c7abcf4983503b035120,5d41c7abcf4983503b035121,20190731165403,6.485333333333333,0,audio/wav,--YU8YcWeUU_5d41c7abcf4983503b035120.wav,/current/--YU8YcWeUU,1245228,Intro,extended,0,[],5d41a87e89ac8343b4474be7,5d41c7a0cf4983503b03511f
0,5dbceeae55e4e43fb00ff2d0,5dbceeae55e4e43fb00ff2d1,20191102024918,79.616,79.616,audio/wav,sFpk-mgEwVo_5dbceeae55e4e43fb00ff2d0.wav,/current/sFpk-mgEwVo,15286316,lou,inline,0,[],5dbce35655e4e43fb00ff2c9,5d6542468302113cc4be4f54
0,5dc31d4740c63e4ceb1ba0f2,5dc31d4840c63e4ceb1ba0f3,20191106192143,6.144,0,audio/wav,0A8nEfYmmtM_5dc31d4740c63e4ceb1ba0f2.wav,/current/0A8nEfYmmtM,1179692,Spanish,extended,0,[],5db2205fe8154725b70c281a,58e7cf2946e13dfd851a1c1d
0,5debe34e00e5e035bf025c99,5debe34e00e5e035bf025c9a,20191207173718,5.376,11.451291000000001,audio/wav,zC8E-eeVhnA_5debe34e00e5e035bf025c99.wav,/current/zC8E-eeVhnA,1032236,,inline,6.075291,[],5debde1500e5e035bf025c96,5debde2867c0962c540c996d
0,5ded35693568613e35e7eff2,5ded35693568613e35e7eff3,20191208173953,14.250666666666667,14.250666666666667,audio/wav,4z2DtNW79sQ_5ded35693568613e35e7eff2.wav,/current/4z2DtNW79sQ,2736172,,inline,0,[],5ded31673568613e35e7efef,5d9630d97e4681160da293cc
0,5defbf5340e8cc4b6f32ed31,5defbf5340e8cc4b6f32ed32,20191210155251,2.7306666666666666,0.926666,audio/wav,sIsS73PeaXI_5defbf5340e8cc4b6f32ed31.wav,/current/sIsS73PeaXI,524332,,extended,0.926666,[],5ded31673568613e35e7efef,596ae9238451264bf2ab93a7
0,5df0b19c663d326279c908a1,5df0b19c663d326279c908a2,20191211090636,5.205333333333333,5.205333333333333,audio/wav,EnnZnxhDU-4_5df0b19c663d326279c908a1.wav,/current/EnnZnxhDU-4,999468,,inline,0,[],5ded31673568613e35e7efef,5c40c8a7bea4b51e5c711040
0,5e65da574ab7702731c58978,5e65da574ab7702731c58979,20200309055535,2.6006349206349206,12.20063492063492,audio/wav,T9GFyZ5LREQ_5e65da574ab7702731c58978.wav,/current/T9GFyZ5LREQ,458796,,inline,9.6,[],5d806bdf15c8ca3ccf56d716,5e5e0efc94610c7d6863bfea
0,5e8117ad4415bf48480faa5c,5e8117ad4415bf48480faa5d,20200329214829,3.2426666666666666,6.691770666666667,audio/wav,wx-kvJlKvJI_5e8117ad4415bf48480faa5c.wav,/current/wx-kvJlKvJI,622636,We see a woman panting after working out,inline,3.449104,[],5c43eb250071d10d8574936c,5e40c81a0b19d71e3f68cdf9
0,5e8eac04b1ce4a0a221f323d,5e8eac04b1ce4a0a221f323e,20200409050052,3.436553287981859,3.436553287981859,audio/wav,qi2m4V21bw4_5e8eac04b1ce4a0a221f323d.wav,/current/qi2m4V21bw4,606252,,inline,0,[],5e7ecbb9467e725fbe0d1a36,5c6bb19acfe5b70c5f19dc88
0,5eb955497f0f7b57fa319905,5eb955497f0f7b57fa319906,20200511133817,16.64,0,audio/wav,oMjfTDXcKo0_5eb955497f0f7b57fa319905.wav,/current/oMjfTDXcKo0,3194924,1,extended,0,[],5eb919831d055057f8146390,5eb9553f7f0f7b57fa319903
0,5eb955857f0f7b57fa319907,5eb955857f0f7b57fa319908,20200511133917,10.069333333333333,36.92915133333334,audio/wav,oMjfTDXcKo0_5eb955857f0f7b57fa319907.wav,/current/oMjfTDXcKo0,1933356,3,inline,26.859818,[],5eb919831d055057f8146390,5eb9553f7f0f7b57fa319903
0,5e9796a1afba3146aec3f58c,5e9796a1afba3146aec3f58d,20200415232001,3.3436734693877552,2.546538,audio/wav,M_o2z9jU_VE_5e9796a1afba3146aec3f58c.wav,/current/M_o2z9jU_VE,589868,stand,extended,2.546538,[],5dd03bf06c4f062c645c65b0,5e9753200f1dbb0a2d3b6326
0,5ec3f05ad8088e3397699335,5ec3f05ad8088e3397699336,20200519144234,14.250666666666667,17.807802,audio/wav,syaQgmxb5i0_5ec3f05ad8088e3397699335.wav,/current/syaQgmxb5i0,2736172,2,extended,17.807802,[],5e9617d40f1dbb0a2d3b631b,5ec3ee5ed8088e3397699331
0,5ec3f177d8088e3397699337,5ec3f177d8088e3397699338,20200519144719,30.293333333333333,51.6880050629425,audio/wav,syaQgmxb5i0_5ec3f177d8088e3397699337.wav,/current/syaQgmxb5i0,5816364,,extended,51.6880050629425,[],5e9617d40f1dbb0a2d3b631b,5ec3ee5ed8088e3397699331
0,5eb4a2a4c5520751804911d3,5eb4a2a4c5520751804911d4,20200508000700,8.192,22.538591937057493,audio/wav,_La7IMssNOA_5eb4a2a4c5520751804911d3.wav,/current/_La7IMssNOA,1572908,,inline,14.346591937057493,[],5d78239615c8ca3ccf56d6bd,5eb469afc5520751804911cf
0,5e380e6d0b19d71e3f68cd5c,5e380e6d0b19d71e3f68cd5d,20200203121333,1.4506666666666668,141.6388337029063,audio/wav,kYxyCUL7tBs_5e380e6d0b19d71e3f68cd5c.wav,/current/kYxyCUL7tBs,278572,,inline,140.18816703623963,[],5e35532b0b19d71e3f68cccb,5e3613c00b19d71e3f68cd23
0,5ee3a1e19b6f6f0d30a3d670,5ee3a1e19b6f6f0d30a3d671,20200612154017,6.058666666666666,6.058666666666666,audio/wav,8zQIoWZrRf8_5ee3a1e19b6f6f0d30a3d670.wav,/current/8zQIoWZrRf8,1163308,iniico,inline,0,[],5ed5671cd8088e3397699d52,5ee39ca88b60190d32ef06c7
0,5ef2f028257e4b0c58127705,5ef2f028257e4b0c58127706,20200624061816,34.5512925170068,35.62282349984066,audio/wav,EsekToq3xx4_5ef2f028257e4b0c58127705.wav,/current/EsekToq3xx4,6094892,,inline,1.0715309828338624,[],5ef2ee81257e4b0c581276f8,5ef2efa2257e4b0c58127703
0,5f035c3ab2fc4f0c560563fe,5f035c3ab2fc4f0c560563ff,20200706171538,6.570666666666667,19.665431,audio/wav,t6em5XNkiIA_5f035c3ab2fc4f0c560563fe.wav,/current/t6em5XNkiIA,1261612,,extended,19.665431,[],5f035999b2fc4f0c560563f3,5f0251e8b2fc4f0c56056356
0,5f71fe76152f97652a3be89b,5f71fe76152f97652a3be89c,20200928151710,6.058666666666666,1.05,audio/wav,yad0gj-ZDuE_5f71fe76152f97652a3be89b.wav,/current/yad0gj-ZDuE,1163308,Title,extended,1.05,[],5f71ef48152f97652a3be887,5f6fc229152f97652a3be7cc
0,5fac3f12206e0d5fdec3df43,5fac3f12206e0d5fdec3df44,20201111194418,3.9938321995464854,5.0516371995464855,audio/wav,fphTHKZxD84_5fac3f12206e0d5fdec3df43.wav,/current/fphTHKZxD84,704556,,inline,1.057805,[],5fac3dcd6832dc5fe4ac5bbf,5fac3e3e206e0d5fdec3df40
0,5f5e55e2152f97652a3bdf27,5f5e55e2152f97652a3bdf28,20200913172450,5.201269841269841,3.511131,audio/wav,QPe3QSw49_Y_5f5e55e2152f97652a3bdf27.wav,/current/QPe3QSw49_Y,917548,,extended,3.511131,[],5f5e55beaa38d665301f2cd2,5f5953d8a74d36481bc994e6
0,5f858a87206e0d5fdec3d414,5f858a87206e0d5fdec3d415,20201013110751,24.33451247165533,24.33451247165533,audio/wav,KFEQOAW4TYk_5f858a87206e0d5fdec3d414.wav,/current/KFEQOAW4TYk,4292652,,inline,0,[],5f60ce41152f97652a3bdfec,5f858a7e206e0d5fdec3d413
0,5fb2e9aa206e0d5fdec3e2cc,5fb2e9aa206e0d5fdec3e2cd,20201116210546,15.189333333333334,11.49213608201599,audio/wav,ObAw6Hv5n0k_5fb2e9aa206e0d5fdec3e2cc.wav,/current/ObAw6Hv5n0k,2916396,,extended,11.49213608201599,[],5fac31f8206e0d5fdec3df1a,5fac4a3d206e0d5fdec3df56
0,5fa048596832dc5fe4ac581c,5fa048596832dc5fe4ac581d,20201102175641,1.1093333333333333,4.16180336575826,audio/wav,sQND3WdnIjg_5fa048596832dc5fe4ac581c.wav,/current/sQND3WdnIjg,213036,,inline,3.0524700324249268,[],5f8dc7a36832dc5fe4ac5368,5fa0481f6832dc5fe4ac581b
0,5fd02e81a1480d63858c6676,5fd02e81a1480d63858c6677,20201209015513,1.024,1.024,audio/wav,5L4DQfVIcdg_5fd02e81a1480d63858c6676.wav,/current/5L4DQfVIcdg,196652,,inline,0,[],5fc3e97195521063835ce2ae,5fcaa9f495521063835ce56a
0,5fd156b395521063835cea64,5fd156b395521063835cea65,20201209225859,7.509333333333333,8.192713,audio/wav,QxXUcYVuZ88_5fd156b395521063835cea64.wav,/current/QxXUcYVuZ88,1441836,,extended,8.192713,[],5fcee4f7a1480d63858c6579,5fd15673a1480d63858c67bf
0,5fd1ad2e95521063835ceaee,5fd1ad2e95521063835ceaef,20201210050758,3.584,4.138464102996826,audio/wav,GclFUK4jefw_5fd1ad2e95521063835ceaee.wav,/current/GclFUK4jefw,688172,,inline,0.5544641029968262,[],5fd1a9bea1480d63858c684f,5fd1a597a1480d63858c683e
0,5fd4397069f2192f63901522,5fd4397069f2192f63901523,20201212033056,6.912,8.960786133309464,audio/wav,L8ql0_rVG6c_5fd4397069f2192f63901522.wav,/current/L8ql0_rVG6c,442412,,inline,2.0487861333094632,[],5fc91c3995521063835ce4ae,5fd438e7ce0a842f6990af9f
0,5fdcc2cbce0a842f6990b37e,5fdcc2cbce0a842f6990b37f,20201218145507,57.77124716553288,57.77124716553288,audio/wav,bLJXmwJu97Q_5fdcc2cbce0a842f6990b37e.wav,/current/bLJXmwJu97Q,10190892,,inline,0,[],5fdca646ce0a842f6990b375,5fdcc157ce0a842f6990b37c
0,5fe27e66ce0a842f6990b61c,5fe27e66ce0a842f6990b61d,20201222231654,4.949333333333334,4.949333333333334,audio/wav,jEdaQeR9lp8_5fe27e66ce0a842f6990b61c.wav,/current/jEdaQeR9lp8,950316,,inline,0,[],5fe27cff69f2192f63901b48,5fe27d84ce0a842f6990b619
0,601a8ab180c96d31ff118355,601a8ab180c96d31ff118356,20210203113617,1.3003174603174603,38.20038631917366,audio/wav,j1B9aZwuZz8_601a8ab180c96d31ff118355.wav,/current/j1B9aZwuZz8,229420,,inline,36.9000688588562,[],601a8a6caad36831fd7e5986,5f4589dea74d36481bc98fa2
0,6053c224aad36831fd7e72f1,6053c224aad36831fd7e72f2,20210318211204,11.690666666666667,7.527483,audio/wav,PQgXBhPh5Zo_6053c224aad36831fd7e72f1.wav,/current/PQgXBhPh5Zo,2244652,1,extended,7.527483,[],60538dcc80c96d31ff119ca5,603466c080c96d31ff118e6a
0,6053d29f80c96d31ff119cfb,6053d29f80c96d31ff119cfc,20210318222223,5.034666666666666,0,audio/wav,NZcWedPKysk_6053d29f80c96d31ff119cfb.wav,/current/NZcWedPKysk,966700,,extended,0,[],6047bf3eaad36831fd7e6d06,604fc53680c96d31ff11998c
0,602ec711aad36831fd7e62ac,602ec711aad36831fd7e62ad,20210218195913,83.968,83.968,audio/wav,96Z_KB0RgyU_602ec711aad36831fd7e62ac.wav,/current/96Z_KB0RgyU,16121900,Prova simonetta,inline,0,[],602d970a80c96d31ff118b01,6020f9f9aad36831fd7e5bdb
0,602f89c980c96d31ff118bc0,602f89c980c96d31ff118bc1,20210219095001,7.616145124716553,7.616145124716553,audio/wav,WjqiU5FgsYc_602f89c980c96d31ff118bc0.wav,/current/WjqiU5FgsYc,1343532,,inline,0,[],601d322d80c96d31ff11841a,5bda1a5ef8b1ba0cbba19e26
0,607a0ebdaad36831fd7e8169,607a0ebdaad36831fd7e816a,20210416222501,1.1946666666666668,16.226188630427043,audio/wav,2fqwIPhAY1Q_607a0ebdaad36831fd7e8169.wav,/current/2fqwIPhAY1Q,229420,grab cookie,inline,15.031521963760376,[],6079d4f8aad36831fd7e8080,607a0ba680c96d31ff11aacd
0,6033555280c96d31ff118dba,6033555280c96d31ff118dbb,20210222065514,15.603809523809524,14.678948002930458,audio/wav,YcOofIqi4uw_6033555280c96d31ff118dba.wav,/current/YcOofIqi4uw,2752556,part 1,extended,14.678948002930458,[],5eeece7d9b6f6f0d30a41287,603353ad80c96d31ff118db4
0,60ae846ef1539c07e70d4c9d,60ae846ef1539c07e70d4c9e,20210526172502,19.285333333333334,3.45,audio/wav,lwfICoAv0zU_60ae846ef1539c07e70d4c9d.wav,/current/lwfICoAv0zU,3702828,,extended,3.45,[],60ae82623b2e2707ed8999cf,60ae04f3f1539c07e70d4c66
0,60af4ed63b2e2707ed899a12,60af4ed63b2e2707ed899a13,20210527074838,13.397333333333334,23.785339,audio/wav,xDzVxm_PULM_60af4ed63b2e2707ed899a12.wav,/current/xDzVxm_PULM,2572332,,extended,23.785339,[],60ae82623b2e2707ed8999cf,60af34fbf1539c07e70d4cc8
0,60b127443b2e2707ed899b82,60b127443b2e2707ed899b83,20210528172420,6.058666666666666,0,audio/wav,8qFlNrW3-bE_60b127443b2e2707ed899b82.wav,/current/8qFlNrW3-bE,1163308,particles,extended,0,[],60b00ee2f1539c07e70d4d25,60b125cdf1539c07e70d4e32
0,60c87be63b2e2707ed89a3b4,60c87be63b2e2707ed89a3b5,20210615100734,11.145578231292516,22.220644397231847,audio/wav,DIBNxqgzveo_60c87be63b2e2707ed89a3b4.wav,/current/DIBNxqgzveo,1966124,,inline,11.075066165939331,[],60c87ad83b2e2707ed89a3ac,60c87ba23b2e2707ed89a3b1
0,60c87beb3b2e2707ed89a3b6,60c87beb3b2e2707ed89a3b7,20210615100739,28.88562358276644,28.88562358276644,audio/wav,9B_Vi7oulnE_60c87beb3b2e2707ed89a3b6.wav,/current/9B_Vi7oulnE,5095468,,inline,0,[],60c876cb3b2e2707ed89a398,60c87a73f1539c07e70d560f
0,60d1bd53f1539c07e70d5840,60d1bd53f1539c07e70d5841,20210622103707,4.096,4.773313,audio/wav,OAar_xRoo-M_60d1bd53f1539c07e70d5840.wav,/current/OAar_xRoo-M,786476,,inline,0.677313,[],60d1b22c3b2e2707ed89a5cb,60d1b536f1539c07e70d5835
0,60933c24f1539c07e70d4033,60933c24f1539c07e70d4034,20210506004524,4.096,15.272166,audio/wav,L41D0glZz8Y_60933c24f1539c07e70d4033.wav,/current/L41D0glZz8Y,786476,,extended,15.272166,[],609328e63b2e2707ed898e7e,609339c1f1539c07e70d4030
0,60a67b6df1539c07e70d485a,60a67b6df1539c07e70d485b,20210520150829,26.282666666666668,0,audio/wav,70yqithPgcY_60a67b6df1539c07e70d485a.wav,/current/70yqithPgcY,5046316,,extended,0,[],60a676c13b2e2707ed8995c1,60a6714bf1539c07e70d484f
0,60a76823f1539c07e70d494d,60a76823f1539c07e70d494e,20210521075827,7.7090249433106575,8.74950198336498,audio/wav,Ohgn8m_f7cY_60a76823f1539c07e70d494d.wav,/current/Ohgn8m_f7cY,1359916,,inline,1.0404770400543213,[],60a6c051f1539c07e70d48bd,60a674b93b2e2707ed8995c0
0,60a7687ef1539c07e70d4954,60a7687ef1539c07e70d4955,20210521075958,5.546666666666667,5.546666666666667,audio/wav,z6n4B1ocmeU_60a7687ef1539c07e70d4954.wav,/current/z6n4B1ocmeU,1065004,,inline,0,[],604fb77faad36831fd7e7004,60a6c88a3b2e2707ed899635
0,60e6b57cf1539c07e70d5e3d,60e6b57cf1539c07e70d5e3e,20210708082116,2.1333333333333333,2.1333333333333333,audio/wav,OAar_xRoo-M_60e6b57cf1539c07e70d5e3d.wav,/current/OAar_xRoo-M,409644,,inline,0,[],60af86e23b2e2707ed899a3c,60d1b536f1539c07e70d5835
0,60e6c469f1539c07e70d5e63,60e6c469f1539c07e70d5e64,20210708092457,123.56266666666667,123.56266666666667,audio/wav,QK-Z1K67uaA_60e6c469f1539c07e70d5e63.wav,/current/QK-Z1K67uaA,23724076,,inline,0,[],60e6c00cf1539c07e70d5e47,60e6c4593b2e2707ed89ab8d
0,60ad2ab23b2e2707ed899918,60ad2ab23b2e2707ed899919,20210525164954,3.6693333333333333,0.5501883116883117,audio/wav,cEw4e0A7k-k_60ad2ab23b2e2707ed899918.wav,/current/cEw4e0A7k-k,704556,,extended,0.5501883116883117,[],60ad1b89f1539c07e70d4bd9,60ad2aac3b2e2707ed899917
0,60ee6c2df1539c07e70d62b4,60ee6c2df1539c07e70d62b5,20210714044637,3.1579138321995464,3.0715938779296876,audio/wav,c23RLq2PkzM_60ee6c2df1539c07e70d62b4.wav,/current/c23RLq2PkzM,557100,,extended,3.0715938779296876,[],5dd03bf06c4f062c645c65b0,603421d6aad36831fd7e6576
0,60e73b2df1539c07e70d5ed7,60e73b2df1539c07e70d5ed8,20210708175141,3.925333333333333,3.925333333333333,audio/wav,xP-LwWKZYXw_60e73b2df1539c07e70d5ed7.wav,/current/xP-LwWKZYXw,753708,Description,inline,0,[],60e73a0df1539c07e70d5ed4,60e73a153b2e2707ed89abff
0,60c19d0bf1539c07e70d5381,60c19d0bf1539c07e70d5382,20210610050307,16.042666666666666,0,audio/wav,_4RioMeEn1A_60c19d0bf1539c07e70d5381.wav,/current/_4RioMeEn1A,3080236,,extended,0,[],60ae82623b2e2707ed8999cf,60c15c09f1539c07e70d5374
0,612be4223b2e2707ed89c5c4,612be4223b2e2707ed89c5c5,20210829194642,10.24,10.24,audio/wav,Hx8iHzNGjlg_612be4223b2e2707ed89c5c4.wav,/current/Hx8iHzNGjlg,1966124,WomaninCafe,inline,0,[],612b8bcb3b2e2707ed89c59c,6122d782f1539c07e70d7542
0,61356b86f1539c07e70d7a14,61356b86f1539c07e70d7a15,20210906011446,5.376,13.171666666666667,audio/wav,m2VZ9qdJkzQ_61356b86f1539c07e70d7a14.wav,/current/m2VZ9qdJkzQ,1032236,,inline,7.795666666666667,[],61356b17f1539c07e70d7a13,612fbb1af1539c07e70d78ea
0,614111783b2e2707ed89caf0,614111783b2e2707ed89caf1,20210914211744,3.84,0.2975439656677246,audio/wav,Hx8iHzNGjlg_614111783b2e2707ed89caf0.wav,/current/Hx8iHzNGjlg,737324,Title,extended,0.2975439656677246,[],611c58d3f1539c07e70d731a,6122d782f1539c07e70d7542
0,615118883b2e2707ed89cfca,615118883b2e2707ed89cfcb,20210927010408,85.76,0,audio/wav,2FLNCGlAqA8_615118883b2e2707ed89cfca.wav,/current/2FLNCGlAqA8,16465964,full audio,extended,0,[],610ed227f1539c07e70d6f4f,615114253b2e2707ed89cfbd
0,615297293b2e2707ed89d080,615297293b2e2707ed89d081,20210928041641,9.102222222222222,208.662854,audio/wav,_droCQsWzgg_615297293b2e2707ed89d080.wav,/current/_droCQsWzgg,1605676,,extended,208.662854,[],615293d4f1539c07e70d82b5,615230f8f1539c07e70d824f
0,61537eac3b2e2707ed89d0ce,61537eac3b2e2707ed89d0cf,20210928204428,6.058666666666666,12.713752672388711,audio/wav,y2AYFpYn8ws_61537eac3b2e2707ed89d0ce.wav,/current/y2AYFpYn8ws,1163308,,inline,6.655086005722046,[],6153791f3b2e2707ed89d0c7,61525b47f1539c07e70d8282
0,61539ea8f1539c07e70d8328,61539ea8f1539c07e70d8329,20210928230056,8.618666666666666,123.79198,audio/wav,_droCQsWzgg_61539ea8f1539c07e70d8328.wav,/current/_droCQsWzgg,1654828,Part 2: Section 1,extended,123.79198,[],61526cbb3b2e2707ed89d04e,615230f8f1539c07e70d824f
0,6153e7ae3b2e2707ed89d128,6153e7ae3b2e2707ed89d129,20210929041230,2.8792743764172335,2.8792743764172335,audio/wav,lcwfTOg5rnc_6153e7ae3b2e2707ed89d128.wav,/current/lcwfTOg5rnc,507948,,inline,0,[],614a3b6ff1539c07e70d7fbd,6153d9c93b2e2707ed89d11d
0,615a292df1539c07e70d874c,615a292df1539c07e70d874d,20211003220533,7.337505668934241,1.504342,audio/wav,d95PPykB2vE_615a292df1539c07e70d874c.wav,/current/d95PPykB2vE,1294380,,extended,1.504342,[],615a23043b2e2707ed89d50f,5f5d036f152f97652a3bded9
0,611b96b5f1539c07e70d72d8,611b96b5f1539c07e70d72d9,20210817110005,3.4133333333333336,3.4133333333333336,audio/wav,jOrGsB4qG_w_611b96b5f1539c07e70d72d8.wav,/current/jOrGsB4qG_w,655404,,inline,0,[],611b8c12f1539c07e70d72cb,60e43a5df1539c07e70d5d24
0,618d8d503b2e2707ed89e89b,618d8d503b2e2707ed89e89c,20211111213824,4.096,6.48618,audio/wav,y8tAO3Ov8gs_618d8d503b2e2707ed89e89b.wav,/current/y8tAO3Ov8gs,786476,,extended,6.48618,[],58f11b351852e91196a74c74,618072543b2e2707ed89e447
0,61ccc8abddd6a209053b4933,61ccc8abddd6a209053b4934,20211229204427,10.922666666666666,10.922666666666666,audio/wav,08Czjb3AwtA_61ccc8abddd6a209053b4933.wav,/current/08Czjb3AwtA,2097196,,inline,0,[],6050ebd2aad36831fd7e7088,61aad9a9f5a44c090b46fac1
0,61b278f6f5a44c090b46ff4f,61b278f6f5a44c090b46ff50,20211209214526,6.229333333333333,0,audio/wav,vqWUliDaYrA_61b278f6f5a44c090b46ff4f.wav,/current/vqWUliDaYrA,1196076,,extended,0,[],618daf843b2e2707ed89e8ae,61b1a060ddd6a209053b3e40
0,61ca30bef5a44c090b47083a,61ca30bef5a44c090b47083b,20211227213142,3.0650340136054424,6.773764,audio/wav,dJU1SZIfK3Y_61ca30bef5a44c090b47083a.wav,/current/dJU1SZIfK3Y,540716,two,extended,6.773764,[],60d967f83b2e2707ed89a791,61b99c56ddd6a209053b42c8
0,61f9901cddd6a209053b58ed,61f9901cddd6a209053b58ee,20220201195508,1.9626666666666666,1.9626666666666666,audio/wav,4qCbiCxBd2M_61f9901cddd6a209053b58ed.wav,/current/4qCbiCxBd2M,376876,,inline,0,[],61f98abdddd6a209053b58ec,58e7cf2846e13dfd851a1989
0,61ffe9f9f5a44c090b471da0,61ffe9f9f5a44c090b471da1,20220206153209,3.436553287981859,5.015443287981859,audio/wav,OcYftqs_m7s_61ffe9f9f5a44c090b471da0.wav,/current/OcYftqs_m7s,606252,pistola,inline,1.5788900000000001,[],61f6b25fddd6a209053b57d1,6022ffb1aad36831fd7e5c9e
0,61e6c450ddd6a209053b538e,61e6c450ddd6a209053b538f,20220118134448,5.461333333333333,24.787290388646444,audio/wav,9-hmg1UHySY_61e6c450ddd6a209053b538e.wav,/current/9-hmg1UHySY,1048620,,inline,19.32595705531311,[],61e6c40eddd6a209053b538d,61e51a0df5a44c090b4713b3
0,61e87d20f5a44c090b471484,61e87d20f5a44c090b471485,20220119210536,86.44266666666667,86.44266666666667,audio/wav,fCVKCUB5w50_61e87d20f5a44c090b471484.wav,/current/fCVKCUB5w50,16597036,,inline,0,[],61e461bcf5a44c090b47138a,61e87d1ff5a44c090b471483
0,624184364239fd06fa45a1f0,624184364239fd06fa45a1f1,20220328094734,8.192,25.732276853134156,audio/wav,OSYiLqmlCr4_624184364239fd06fa45a1f0.wav,/current/OSYiLqmlCr4,1572908,,inline,17.540276853134156,[],60c7c7653b2e2707ed89a347,62418408f3906e06f44253b0
0,624185064239fd06fa45a1f3,624185064239fd06fa45a1f4,20220328095102,9.642666666666667,20.135501739145916,audio/wav,OSYiLqmlCr4_624185064239fd06fa45a1f3.wav,/current/OSYiLqmlCr4,1851436,,inline,10.492835072479249,[],623c6b00f3906e06f4424eef,62418408f3906e06f44253b0
0,624bead0f3906e06f4425811,624bead0f3906e06f4425812,20220405070800,9.47374149659864,0.15,audio/wav,K6YMOnwjfnQ_624bead0f3906e06f4425811.wav,/current/K6YMOnwjfnQ,1671212,,extended,0.15,[],6204c539ddd6a209053b617e,624b4d06f3906e06f44257ed
0,6218476fddd6a209053b72e9,6218476fddd6a209053b72ea,20220225030519,20.394666666666666,20.394666666666666,audio/wav,0A8nEfYmmtM_6218476fddd6a209053b72e9.wav,/current/0A8nEfYmmtM,3915820,First line,inline,0,[],62173dd2f5a44c090b47323d,58e7cf2946e13dfd851a1c1d
0,6235d302f3906e06f442480b,6235d302f3906e06f442480c,20220319125634,5.572789115646258,10.559688170959369,audio/wav,e59AbGKuEf4_6235d302f3906e06f442480b.wav,/current/e59AbGKuEf4,983084,,inline,4.986899055313111,[],6235d16bf3906e06f4424807,6232517c4239fd06fa459517
0,6235d61cf3906e06f4424815,6235d61cf3906e06f4424816,20220319130948,12.07437641723356,12.224376417233561,audio/wav,XD4xqV1XM9w_6235d61cf3906e06f4424815.wav,/current/XD4xqV1XM9w,2129964,,inline,0.15,[],6235d16bf3906e06f4424807,622b9c034239fd06fa459005
0,627596bdb3cd2509ff222933,627596bdb3cd2509ff222934,20220506214429,4.693333333333333,10.053125401997885,audio/wav,5w-fPQtmq6g_627596bdb3cd2509ff222933.wav,/current/5w-fPQtmq6g,901164,,inline,5.359792068664551,[],62702fe1b3cd2509ff2225dc,62717106b3cd2509ff222617
0,62759814b3cd2509ff222939,62759814b3cd2509ff22293a,20220506215012,10.410666666666666,16.603506739145914,audio/wav,ZAnEWMz3CXM_62759814b3cd2509ff222939.wav,/current/ZAnEWMz3CXM,1998892,,inline,6.192840072479248,[],58f11b351852e91196a74c74,6271df40b3cd2509ff222689
0,623d0b494239fd06fa459e8f,623d0b494239fd06fa459e90,20220325002233,3.1579138321995464,3.1579138321995464,audio/wav,Q7zuF9SdQ3I_623d0b494239fd06fa459e8f.wav,/current/Q7zuF9SdQ3I,557100,Intro,inline,0,[],6182afdb3b2e2707ed89e4e3,623b3646f3906e06f4424dcb